{
  "TitanPotion": 5000,
  "SwiftnessPotion": 2500,
  "SummoningPotion": 8500,
  "NightOwlPotion": 5500,
  "IronskinPotion": 8500,
  "ShinePotion": 3500,
  "SpelunkerPotion": 11111,
  "WarmthPotion": 5000,
  "ArcheryPotion": 11500,
  "BuilderPotion": 2500,
  "HunterPotion": 9500,
  "TrapsightPotion": 8500,
  "InfernoPotion": 20000,
  "RagePotion": 22500,
  "WrathPotion": 25000,
  "LifeforcePotion": 25750,
  "RegenerationPotion": 7500,
  "HeartreachPotion": 12500,
  "ManaRegenerationPotion": 5000,
  "MagicPowerPotion": 11111,
  "GravitationPotion": 15000,
  "BattlePotion": 12500,
  "ObsidianSkinPotion": 25000,
  "CalmingPotion": 12500,
  "GillsPotion": 9999,
  "WaterWalkingPotion": 7500,
  "FlipperPotion": 6500,
  "FeatherfallPotion": 10500,
  "MiningPotion": 7500,
  "AmmoReservationPotion": 6500,
  "EndurancePotion": 10001,
  "LesserHealingPotion": 2500,
  "HealingPotion": 6500,
  "GreaterHealingPotion": 7500,
  "SuperHealingPotion": 10000,
  "LesserManaPotion": 2500,
  "ManaPotion": 4500,
  "GreaterManaPotion": 7500,
  "SuperManaPotion": 9500,
  "LesserRestorationPotion": 5500,
  "RestorationPotion": 8500,
  "StrangeBrew": 5000,
  "LovePotion": 2000,
  "StinkPotion": 2000,
  "FishingPotion": 7500,
  "SonarPotion": 8500,
  "CratePotion": 9500,
  "WormholePotion": 7500,
  "InvisibilityPotion": 2500,
  "RecallPotion": 1250,
  "TeleportationPotion": 25000,
  "GenderChangePotion": 25000,
  "RedPotion": 100000,
  "FlaskofPoison": 10000,
  "FlaskofFire": 10000,
  "FlaskofVenom": 10000,
  "FlaskofGold": 10000,
  "FlaskofIchor": 10000,
  "FlaskofCursedFlames": 10000,
  "FlaskofNanites": 10000,
  "FlaskofParty": 10000,
  "CookedMarshmallow": 1000,
  "PadThai": 1000,
  "Pho": 1500,
  "CookedFish": 2000,
  "CookedShrimp": 2000,
  "Sashimi": 2000,
  "GrubSoup": 3000,
  "Bacon": 3000,
  "BowlofSoup": 3000,
  "GingerbreadCookie": 3000,
  "SugarCookie": 3000,
  "ChristmasPudding": 3500,
  "PumpkinPie": 4500,
  "Ale": 1500,
  "Sake": 3000,
  "Calamity": null,
  "CalamityZenPotion": 25000,
  "CalamityZergPotion": 25000,
  "CalamityCadencePotion": 32500,
  "CalamityFabsolsVodka": 65000,
  "CalamityRevivifyPotion": 75000,
  "CalamityYharimsStimulants": 85000,
  "CalamityPotionofOmniscience": 22500,
  "CalamityTitanScalePotion": 25000,
  "Spirit": null,
  "SpiritStarPotion": 27500,
  "SpiritTurtlePotion": 25000,
  "SpiritBismitePotion": 12500,
  "SpiritPinkPotion": 12500,
  "SpiritSoulPotion": 28500,
  "SpiritRunePotion": 28500,
  "SpiritSpiritPotion": 28500,
  "QwertysRandomContent": null,
  "QWERTYRushPotion": 25000,
  "Thorium": null,
  "ThoriumCreativityPotion": 7500,
  "ThoriumEarwormPotion": 8500,
  "ThoriumInspirationReachPotion": 8500,
  "ThoriumGlowingPotion": 8500,
  "ThoriumHolyPotion": 8500,
  "ThoriumDashPotion": 9500,
  "ThoriumAccuracyPotion": 11111,
  "ThoriumFrenzyPotion": 30000,
  "ThoriumCombatPotion": 11111,
  "ThoriumConflagrationPotion": 15000,
  "ThoriumBloodPotion": 12500,
  "ThoriumSilverTonguePotion": 22222,
  "ThoriumAquaPotion": 25000,
  "ThoriumToxicCoatingItem": 7500,
  "ThoriumFrostCoatingItem": 7500,
  "ThoriumExplosiveCoatingItem": 7500,
  "ThoriumGorganCoatingItem": 7500,
  "ThoriumLifeLeechCoatingItem": 7500,
  "SacredTools": null,
  "SacredToolsThrownPotion": 30000,
  "SacredToolsSandPotion": 30000,
  "SacredToolsNightmarePotion": 250000,
  "SacredToolsBurnCure": 500000,
  "SacredToolsMoonlightPotion": 650000,
  "MorePotions": null,
  "MorePotionsStarlightPotion": 6500,
  "MorePotionsGoldenPotion": 12500,
  "MorePotionsManaShieldPotion": 27500,
  "MorePotionsPenetrationPotion": 9500,
  "MorePotionsSwiftHandsPotion": 12500,
  "MorePotionsSpeedPotion": 8500,
  "MorePotionsReactiveArmorPotion": 20000,
  "MorePotionsHeavyRootsPotion": 8500,
  "MorePotionsJellySolesPotion": 8500,
  "MorePotionsJumpPotion": 5500,
  "MorePotionsNatureBlessingPotion": 25000,
  "MorePotionsDiamondSkinPotion": 25000,
  "MorePotionsClimbingPotion": 5500,
  "MorePotionsDelvingPotion": 15000,
  "MorePotionsVengeancePotion": 27500,
  "MorePotionsWarriorsDroughtPotion": 20000,
  "MorePotionsRangersDroughtPotion": 20000,
  "MorePotionsSummonersDroughtPotion": 20000,
  "MorePotionsOlympiansPotion": 20000,
  "MorePotionsHoneyPotion": 11111,
  "MorePotionsEnhancedRegenerationPotion": 15555,
  "MorePotionsSoulbindingElixerPotion": 30000,
  "MorePotionsHolyElixerPotion": 22222,
  "MorePotionsCouragePotion": 25000,
  "MorePotionsManaforcePotion": 25750,
  "MorePotionsSuperRegenerationPotion": 50000,
  "MorePotionsDawnPotion": 9500,
  "MorePotionsDuskPotion": 9500,
  "MorePotionsForbiddenPotion": 40000,
  "MorePotionsVenomousCoatingPotion": 40000,
  "MorePotionsGoldCoatingPotion": 40000,
  "MorePotionsIchorousCoatingPotion": 40000,
  "MorePotionsCursedCoatingPotion": 40000,
  "MorePotionsLeafCrystalPotion": 35000,
  "MorePotionsLifestealPotion": 10000,
  "MorePotionsAnnihilationPotion": 75000,
  "MorePotionsStardustPotion": 25000,
  "MorePotionsVortexPotion": 25000,
  "MorePotionsNebulaPotion": 25000,
  "MorePotionsSolarPotion": 25000,
  "MorePotionsTerrariansWrathPotion": 500000,
  "JustMorePotions": null,
  "JMPDayPotion": 25000,
  "JMPNightPotion": 25000,
  "JMPRandomPotion": 10000,
  "Laugicality": null,
  "LaugicalityBurstPotion": 20000,
  "LaugicalityConjurationPotion": 20000,
  "LaugicalityDestructionPotion": 20000,
  "LaugicalityIllusionPotion": 20000,
  "LaugicalityJumpBoostPotion": 20000,
  "LaugicalityMysticPowerPotion": 20000,
  "LaugicalityUltraJumpBoostPotion": 50000,
  "LaugicalityOmegaJumpBoostPotion": 100000,
  "Tremor": null,
  "TremorInspirationPotion": 15000,
  "TremorRockClimberPotion": 15000,
  "TremorScamperPotion": 20000,
  "TremorSunfuryPotion": 44444,
  "TremorMidnightPotion": 44444,
  "TremorBloodmoonPotion": 66666,
  "TremorSavingPotion": 50000,
  "TremorParadoxPotion": 44444,
  "TremorGlassPotion": 30000,
  "TremorHeroPotion": 3000000,
  "ElementsAwoken": null,
  "ElementsAwokenBullseyePotion": 30000,
  "ElementsAwokenHavocPotion": 15000,
  "ElementsAwokenChaosPotion": 25000,
  "ElementsAwokenCalamityPotion": 30000
}