{
  "OreTypes": {
    "$type": "System.UInt16[], mscorlib",
    "$values": [
      7,
      166,
      6,
      9,
      168,
      8,
      169,
      407,
      37,
      22,
      204,
      56,
      58,
      107,
      221,
      108,
      222,
      111,
      223,
      211,
      408,
      178,
      63,
      64,
      65,
      66,
      67,
      68,
      224,
      404,
      53,
      267,
      54,
      385,
      40,
      116,
      48,
      367,
      370,
      75,
      76,
      379,
      158,
      60,
      203,
      232,
      38,
      123,
      140,
      225,
      41,
      347,
      161,
      147,
      19,
      397,
      396,
      368,
      57,
      167
    ]
  },
  "ModOreNames": {
    "$type": "System.String[], mscorlib",
    "$values": [
      "EtherialTile",
      "DamascusOreTile",
      "Onyx",
      "TourmalineOre",
      "KaniteOreTile",
      "SmoothCoal",
      "ReachGrassTile",
      "Opal",
      "GelatineOre",
      "ObsidiumOreBlock",
      "SpinelOre",
      "RhuthiniumOre",
      "DragonLeadOreTile",
      "LuneOre",
      "GroviteOre",
      "MarineRockMoss",
      "MarineRock",
      "BismuthOre",
      "PlantyMush",
      "PlantMatterTile"
    ]
  },
  "OresOnly": true,
  "MaxAmountOfBlocks": 1000,
  "DelayBetweenMiningBlocks": 5,
  "InvertVeinmineHotkey": false,
  "ToggleVeinmineHotkey": false,
  "PerformDistanceCheck": true,
  "ModifyingWhitelistOnMultiplayer": false
}